Condition,Ratio,Width,dT_patch,dP_patch,rel_range,Ratio_std,rel_range_std,N_range,N_eq,rel_growth
A,0.24060600000000001,99.85596366666668,11.29068646,52.94768316666667,4.851652107005626,0.01638633186530775,1.7516684457660932,5,6,0.08397712163074365
AA,0.45808316666666665,1189.0853333333332,150.578212,148.406206,0.9874136510326821,0.028463723624407727,0.12533864486366536,5,6,1.0
B,0.3895565,165.93776083333333,9.2378599,10.53605935,1.1979039523266417,0.028002247515154927,0.7275136809896706,4,6,0.1395507590428049
C,0.5573683333333334,-0.490552683333334,8.58589102,18.913274916666666,2.1462843106952825,0.022063909297009573,1.714038288567259,5,6,-0.00041254624002314444
D,0.57236,298.2230233333333,22.793291333333332,5.035558975,0.2148338486222704,0.005222083540120744,0.08147955828351532,4,5,0.2508003546703685
E,0.161826,803.8148983333334,117.13882116666666,227.42617,2.0299340278876103,0.04893671070270253,0.500054112052304,5,6,0.6759942922515234
F,0.30050683333333333,854.3083733333333,120.19538,176.14955666666665,1.28696556844023,0.038927426801249866,0.22800329364931546,5,6,0.7184584229446948
G,0.33457116666666664,846.4708416666667,105.5640715,116.726639,1.12382059786809,0.07560087963884195,0.03691386174387111,5,6,0.7118671956820594
H,0.3084156666666667,873.0305683333332,112.7320175,136.856448,1.1979527370958936,0.057033985319865796,0.10785787301671926,4,6,0.7342034619887107
