Condition,Ratio,Width,dT_patch,dP_patch,rel_range,Ratio_std,rel_range_std,N_range,N_eq,rel_growth
A,0.2594261681666667,99.85596182666666,9.642489345833333,38.75902580666666,4.066067546551802,0.02008401307241376,2.6986225041358294,6,6,0.08397711976553095
AA,0.5254662655,1189.0853378333334,154.1285748,138.39808238,0.9671350405277422,0.13207860231715404,0.21614051003002613,5,6,1.0
B,0.4191244205,165.93776161666668,7.884153054,10.3912002844,0.8799242423985809,0.03892561469068699,0.4135436217995767,4,6,0.13955075917345566
C,0.5911491285,-0.49055228900000003,8.281196733,12.160880681200002,1.5733347175198626,0.02236914559190621,1.1382775206013158,5,6,-0.00041254590683444933
D,0.6259057998333334,298.2230247833333,9.188725143166666,5.0481267755,0.5265360123065921,0.014507456045889634,0.16409189764383175,4,6,0.2508003549406589
E,0.192028361,803.8148994333333,119.56686789166667,279.60950285999996,2.5294474494045147,0.05885750711877185,1.5289415213034825,5,6,0.6759942906183567
F,0.3872591656666667,854.30837535,124.73977983999998,147.889317,1.1515090535733061,0.042278418875294446,0.21731539163922653,5,6,0.7184584219217267
G,0.4098329548333333,846.4708398333333,113.47886482333332,189.71125119500002,1.6582548585236168,0.08845927148335142,0.7716195829514558,6,6,0.7118671914462524
H,0.403359201,873.0305698000001,133.06635298333333,136.1746378,1.0615213682909925,0.07679470489774448,0.19413791369488295,5,6,0.7342034604436164
