Condition,Ratio,Width,dT_patch,dP_patch,rel_range
A,0.2594261683787879,99.85596182666666,9.642489347045455,38.75902580727273,4.066067546319152
B,0.41912442043939396,165.93776161666668,34.59952059643939,22.536955494318182,0.9401666213464375
C,0.5909710973636364,-0.49055228900000003,8.281196733257575,19.247165010303032,2.396697850343535
D,0.6257008602121212,298.2230247833333,9.188725143030304,5.445170454545455,0.6562164555584752
E,0.192119344,803.8148994333333,119.5668679037879,491.0484966893939,4.065417337715822
F,0.3873787901212122,854.30837535,134.35201824090908,147.88931701060605,1.1094664998403425
G,0.4099934907878788,846.4708398333333,113.4788648260606,189.7112511942424,1.6582548585782648
H,0.4035096611060606,873.0305698000001,133.06635299848486,174.32108192575757,1.2978009346051016
WT,0.5428989430303031,1083.4842419499998,192.77415957878785,782.7054391757575,3.619530280388735
